{
  "project_info": {
    "project_number": "683248530249",
    "firebase_url": "https://mycovidapp-8ec60.firebaseio.com",
    "project_id": "mycovidapp-8ec60",
    "storage_bucket": "mycovidapp-8ec60.appspot.com"
  },
  "client": [
    {
      "client_info": {
        "mobilesdk_app_id": "1:683248530249:android:8cf3f70c95c5722d0c6098",
        "android_client_info": {
          "package_name": "com.example.mycovidapp"
        }
      },
      "oauth_client": [
        {
          "client_id": "683248530249-3787hqhfr4rp1cnj8mqdpkv047homae4.apps.googleusercontent.com",
          "client_type": 1,
          "android_info": {
            "package_name": "com.example.mycovidapp",
            "certificate_hash": "5bcc1143b883106b11817f0eebffa64ac38ce61e"
          }
        },
        {
          "client_id": "683248530249-ejtr2732sjvinkhderf4rqe3tjkk40ag.apps.googleusercontent.com",
          "client_type": 3
        }
      ],
      "api_key": [
        {
          "current_key": "AIzaSyBBhzVLeZb_IyfwGzc0f360mt0DVFjpRo4"
        }
      ],
      "services": {
        "appinvite_service": {
          "other_platform_oauth_client": [
            {
              "client_id": "683248530249-ejtr2732sjvinkhderf4rqe3tjkk40ag.apps.googleusercontent.com",
              "client_type": 3
            }
          ]
        }
      }
    }
  ],
  "configuration_version": "1"
}